Workbook

Sheet README
B2: VMR0015 Calculation Workbook
B3: AMS-III.AV — Low GHG-emitting safe drinking water production
B5: Methodology | C5: AMS-III.AV (CDM small-scale), as adopted by Verra under VCS
B6: Policy ID | C6: 69fa5c34bafe0836d93bcde0
B7: Policy version | C7: 1.0.0
B8: Hedera topic | C8: 0.0.8865880
B9: IPFS policy | C9: QmUebQeBdFVhfZA2xpmzKESxQkWGCawBw7tjVe6f5kM2wN
B10: Token | C10: 0.0.8865898 (CER, fungible, decimals=2)
B12: Sheet | C12: Purpose
B13: EmissionFactors | C13: Full numerical walk-through for a 200-household solar-augmented pilot, 1 year
B14: Baseline | C14: Baseline emissions (woody biomass + fossil fuel) — pre-project water boiling
B15: Project | C15: Project emissions — energy + transport + leakage from sub-systems
B16: Leakage | C16: Leakage emissions (woody biomass displacement, fossil fuel)
B17: ER_NetCalc | C17: Net Emission Reductions = BE − PE − LE (with uncertainty discount)
... B19: PolicyMapping | C19: Mapping each cell to the customLogicBlock fields in the published policy

Sheet EmissionFactors
B2: Emission Factors (Defaults)
B3: Sources: IPCC 2006 Vol.2 Ch.2 stationary combustion; CDM tool 33; AMS-III.AV §B.6
B5: Parameter | C5: Symbol | D5: Value | E5: Unit | F5: Source
B6: Net calorific value of woody biomass | C6: NCV_wood | D6: 0.015 | E6: TJ/tonne | F6: IPCC 2006 Vol.2 Tab 1.2
B7: CO2 emission factor — non-renewable biomass | C7: EF_NRB | D7: 112 | E7: tCO2/TJ | F7: IPCC 2006 Vol.2 Tab 1.4
B8: Fraction of non-renewable biomass (default) | C8: f_NRB | D8: 0.3 | E8: fraction | F8: AMS-III.AV §B.6 default
B9: CO2 emission factor — diesel | C9: EF_diesel | D9: 74.1 | E9: tCO2/TJ | F9: IPCC 2006 Vol.2 Tab 1.4
B10: NCV diesel | C10: NCV_diesel | D10: 0.043 | E10: TJ/tonne | F10: IPCC 2006 Vol.2
B11: CO2 emission factor — LPG | C11: EF_LPG | D11: 63.1 | E11: tCO2/TJ | F11: IPCC 2006 Vol.2
B12: CO2 emission factor — grid electricity (IN) | C12: EF_grid | D12: 0.71 | E12: tCO2/MWh | F12: CEA India 2023 baseline DB
B13: Specific water boiling energy | C13: E_boil | D13: 0.34 | E13: MJ/L | F13: AMS-III.AV §B.6 default
B14: Daily water need per person | C14: Q_pp | D14: 3.5 | E14: L/person/day | F14: WHO domestic water
B15: Days per year | C15: days_yr | D15: 365 | E15: days | F15: —
B16: Uncertainty discount — measured flow | C16: u_meas | D16: 0.94 | E16: fraction | F16: AMS-III.AV §B.7.4
B17: Uncertainty discount — default values | C17: u_def | D17: 0.89 | E17: fraction | F17: AMS-III.AV §B.7.4 conservative

Sheet Baseline
B2: Baseline Emissions (BE)
B3: BE = BE_woody + BE_fossil — AMS-III.AV §B.6 eq.1
B5: Step | C5: Description | D5: Formula / Cell ref | E5: Value | F5: Unit
B6: Inputs
B7: Households served | C7: HH | D7: 200 | E7: households
B8: Persons per household | C8: p_hh | D8: 4.5 | E8: persons
B9: Project lifetime (period) | C9: T_yr | D9: 1 | E9: year
B10: Share switching from wood | C10: share_w | D10: 0.7 | E10: fraction
B11: Share switching from LPG | C11: share_l | D11: 0.3 | E11: fraction
B13: Calculation
B14: Persons served (P) | C14: D7*D8 | D14: =D7*D8 -> 900 | E14: persons
B15: Annual water demand (Q, litres) | C15: D14*EmissionFactors!D14*EmissionFactors!D15 | D15: =D14*EmissionFactors!D14*EmissionFactors!D15 -> 1149750 | E15: L/yr
B16: Annual energy needed to boil water (TJ) | C16: D15*EmissionFactors!D13/1000000 | D16: =D15*EmissionFactors!D13/1000000 -> 0.390915 | E16: TJ/yr
B17: Energy from wood (TJ) | C17: D16*D10 | D17: =D16*D10 -> 0.2736405 | E17: TJ/yr
B18: Energy from LPG (TJ) | C18: D16*D11 | D18: =D16*D11 -> 0.1172745 | E18: TJ/yr
B19: BE_woody (tCO2) | C19: D17*EmissionFactors!D8*EmissionFactors!D7 | D19: =D17*EmissionFactors!D8*EmissionFactors!D7 -> 9.1943208 | E19: tCO2/yr
B20: BE_fossil (tCO2) | C20: D18*EmissionFactors!D11 | D20: =D18*EmissionFactors!D11 -> 7.400021 | E20: tCO2/yr
B21: BE_total (tCO2) | C21: D19+D20 | D21: =D19+D20 -> 16.594342 | E21: tCO2/yr

Sheet Project
B2: Project Emissions (PE)
B3: PE = PE_elec + PE_transport + PE_distribution + PE_other — AMS-III.AV §B.6 eq.2
B5: Component | C5: Description | D5: Formula | E5: Value | F5: Unit
B6: Treatment electricity (MWh/yr) | C6: Pumping + UV + filtration | E6: 2 | F6: MWh/yr
B7: Diesel for transport (tonnes/yr) | C7: Delivery vehicles | E7: 0.5 | F7: t/yr
B8: Backup gen LPG (tonnes/yr) | C8: Standby generator fuel | E8: 0.1 | F8: t/yr
B9: Distribution losses (assumed) | C9: Pipe leakage etc. | E9: 0.05 | F9: fraction
B11: Component emissions
B12: PE_elec (tCO2) | C12: =E6*EmissionFactors!D12 -> 1.42 | E12: =E6*EmissionFactors!D12 -> 1.42 | F12: tCO2/yr
B13: PE_transport (tCO2) | C13: =E7*EmissionFactors!D9*EmissionFactors!D10 -> 1.59315 | E13: =E7*EmissionFactors!D9*EmissionFactors!D10 -> 1.59315 | F13: tCO2/yr
B14: PE_other (tCO2) | C14: =E8*EmissionFactors!D11*0.044 -> 0.27764 | E14: =E8*EmissionFactors!D11*0.044 -> 0.27764 | F14: tCO2/yr
B15: PE_distribution (tCO2) | C15: =Baseline!D20*E9 -> 0.37000105 | E15: =Baseline!D21*E9 -> 0.82971709 | F15: tCO2/yr
B16: PE_total (tCO2) | C16: =E12+E13+E14+E15 -> 4.1205071 | E16: =SUM(E12:E15) -> 4.1205071 | F16: tCO2/yr

Sheet Leakage
B2: Leakage Emissions (LE)
B3: LE_woody only counted if pre-project fuel was wood (f_woody>0). AMS-III.AV §B.6 eq.3
B5: Step | C5: Description | D5: Formula | E5: Value | F5: Unit
B6: Pre-project woody fraction | C6: From Baseline sheet | D6: =Baseline!D10 -> 0.7 | E6: =Baseline!D10 -> 0.7 | F6: fraction
B7: Energy displaced from wood (TJ) | C7: Energy avoided | D7: =Baseline!D17 -> 0.2736405 | E7: =Baseline!D17 -> 0.2736405 | F7: TJ/yr
B8: Energy displaced from LPG (TJ) | C8: Energy avoided | D8: =Baseline!D18 -> 0.1172745 | E8: =Baseline!D18 -> 0.1172745 | F8: TJ/yr
B9: LE_woody (tCO2) | C9: Only if woody>0 | D9: =IF(E6>0,E7*EmissionFactors!D8*EmissionFactors!D7*0.05,0) -> 0.45971604 | E9: =IF(E6>0,E7*EmissionFactors!D8*EmissionFactors!D7*0.05,0) -> 0.45971604 | F9: tCO2/yr
B10: LE_fossil (tCO2) | C10: Fossil leakage | D10: =E8*EmissionFactors!D11*0.1 -> 0.7400021 | E10: =E8*EmissionFactors!D11*0.1 -> 0.7400021 | F10: tCO2/yr
B11: LE_total (tCO2) | C11: Sum | D11: =E9+E10 -> 1.1997181 | E11: =E9+E10 -> 1.1997181 | F11: tCO2/yr

Sheet ER_NetCalc
B2: Net Emission Reductions
B3: ER_net = (BE − PE − LE) × uncertainty_discount — AMS-III.AV §B.6 eq.4 + §B.7.4
B5: Term | C5: Description | D5: Cell ref | E5: Value | F5: Unit
B6: BE_total | C6: Baseline emissions | D6: Baseline!D21 | E6: =Baseline!D21 -> 16.594342 | F6: tCO2/yr
B7: PE_total | C7: Project emissions | D7: Project!E16 | E7: =Project!E16 -> 4.1205071 | F7: tCO2/yr
B8: LE_total | C8: Leakage emissions | D8: Leakage!E11 | E8: =Leakage!E11 -> 1.1997181 | F8: tCO2/yr
B9: ER_gross | C9: Gross emission reductions | D9: BE − PE − LE | E9: =E6-E7-E8 -> 11.274117 | F9: tCO2/yr
B10: Uncertainty factor | C10: Conservative discount applied | D10: EmissionFactors!D17 | E10: =EmissionFactors!D17 -> 0.89 | F10: fraction
B11: ER_net (issued) | C11: After uncertainty discount; ≥0 | D11: MAX(0, ER_gross × u) | E11: =MAX(0,E9*E10) -> 10.033964 | F11: tCO2/yr
B12: ER_net (rejected) | C12: If gross<0, project failed verification (flag) | D12: ER_gross<0? | E12: =IF(E9<0,"FAIL — project emitted more than baseline","PASS") -> PASS | F12: status

Sheet WorkedExample
B2: Worked Example — 200-household solar-augmented pilot, 1 year
B3: All inputs flow from EmissionFactors + Baseline + Project + Leakage sheets. Pilot scenario: 200-household solar-augmented treatment plant, 1 year.
B5: Step | C5: Value | D5: Unit | E5: Source
B6: Households | C6: =Baseline!D7 -> 200 | D6: households | E6: Baseline!D7 input
B7: Persons served | C7: =Baseline!D14 -> 900 | D7: persons | E7: HH × p_hh
B8: Annual water demand | C8: =Baseline!D15 -> 1149750 | D8: L/yr | E8: P × Q_pp × 365
B9: Energy to boil water | C9: =Baseline!D16 -> 0.390915 | D9: TJ/yr | E9: Q × E_boil / 1e6
B10: BE_total | C10: =Baseline!D21 -> 16.594342 | D10: tCO2/yr | E10: Baseline sheet
B11: PE_total | C11: =Project!E16 -> 4.1205071 | D11: tCO2/yr | E11: Project sheet
B12: LE_total | C12: =Leakage!E11 -> 1.1997181 | D12: tCO2/yr | E12: Leakage sheet
B13: ER_gross | C13: =ER_NetCalc!E9 -> 11.274117 | D13: tCO2/yr | E13: BE − PE − LE
B14: Uncertainty discount | C14: =ER_NetCalc!E10 -> 0.89 | D14: fraction | E14: AMS-III.AV §B.7.4
B15: ER_net (CER tokens minted) | C15: =ER_NetCalc!E11 -> 10.033964 | D15: tCO2/yr | E15: FINAL — minted as 0.0.8865898 tokens

Sheet PolicyMapping
B2: Mapping: Excel ↔ Policy customLogicBlock
B3: How spreadsheet cells correspond to fields in calculate_project_fields / calculate_report_fields
B5: Concept | C5: Policy field | D5: customLogicBlock variable | E5: Excel cell
B6: Fuel composition | C6: field2 | D6: fuel.field0 (woody fraction) | E6: Baseline!D10
B7: Project emissions group | C7: field4 | D7: pe.field1..field4 | E7: Project!E8..E11
B8: Baseline emissions group | C8: field5 | D8: be.field1 (woody) / field2 (fossil) | E8: Baseline!D18..D19
B9: Leakage group | C9: field6 | D9: leak.field1 (LE_woody) / field2 (LE_fossil) | E9: Leakage!E9..E10
B10: ER total (output) | C10: field7 | D10: ER_total = BE_total − PE_total − LE_total | E10: ER_NetCalc!E9 → E11
B11: Uncertainty discount | C11: (NOT YET IN v1.0.0) | D11: Recommended for v1.1.0 | E11: EmissionFactors!D17, applied at ER_NetCalc!E11
B12: Negative ER handling | C12: if(ER<0) ER=0; | D12: Silent clamp in v1.0.0 | E12: ER_NetCalc!E12 surfaces FAIL flag instead
B15: Notes
B16: • Policy v1.0.0 (currently published on Hedera) implements straight subtraction with silent negative-ER clamp.
B17: • This workbook additionally surfaces (a) uncertainty discount per AMS-III.AV §B.7.4, and (b) explicit FAIL flag when ER_gross<0.
B18: • Both items are flagged for v1.1.0 in the policy roadmap. Workbook formulas show the exact math reviewers can replicate.
B19: • Field tags (field2, field4, etc.) are auto-generated by Guardian schema editor and resolve to semantic names via the schema labels.
